{
    "rmse": 0.7547824106811265,
    "mae": 0.5845685079122667,
    "r2": 0.18442148751414822
}